Workbook

Sheet Dashboard
A1: 🧸 Yetim Vakfı — Fundraising Tracker 2026
A2: yetimvakfi.org.tr • Online Bağış: bagis.yetimvakfi.org.tr • App: Google Play / App Store • 📞 0212 970 60 60
A4: Özet
A5: Toplanan Bağış (Toplam) | B5: =SUM(Campaigns!D2:D100)
A6: Genel Hedef | B6: =SUM(Campaigns!C2:C100)
A7: Hedefe Ulaşım % | B7: =IF(B6=0,0,B5/B6)
A8: Bağış Adedi | B8: =COUNTA(Donations!A2:A5000)
A9: Farklı Bağışçı | B9: =SUMPRODUCT(1/COUNTIF(Donations!B2:B5000,Donations!B2:B5000&""))
A10: Ortalama Bağış (₺) | B10: =IFERROR(AVERAGE(Donations!G2:G5000),0)
A11: Bu Ay Toplanan (₺) | B11: =SUMIFS(Donations!G2:G5000,Donations!A2:A5000,">="&EOMONTH(TODAY(),-1)+1)
A12: 1 Yıllık Sponsorluk Karşılığı (yetim) | B12: =ROUND(SUMIFS(Donations!G2:G5000,Donations!C2:C5000,"Yetim Sponsorluğu")/10800,0)
A14: Kampanya Özeti (Campaigns sayfasından otomatik)
A15: Kampanya | B15: Hedef (₺) | C15: Toplanan (₺) | D15: İlerleme % | E15: Kalan (₺)
A16: =IF(Campaigns!A2="","",Campaigns!A2) | B16: =IF(Campaigns!A2="","",Campaigns!C2) | C16: =IF(Campaigns!A2="","",Campaigns!D2) | D16: =IF(Campaigns!A2="","",Campaigns!E2) | E16: =IF(Campaigns!A2="","",Campaigns!F2)
A17: =IF(Campaigns!A3="","",Campaigns!A3) | B17: =IF(Campaigns!A3="","",Campaigns!C3) | C17: =IF(Campaigns!A3="","",Campaigns!D3) | D17: =IF(Campaigns!A3="","",Campaigns!E3) | E17: =IF(Campaigns!A3="","",Campaigns!F3)
A18: =IF(Campaigns!A4="","",Campaigns!A4) | B18: =IF(Campaigns!A4="","",Campaigns!C4) | C18: =IF(Campaigns!A4="","",Campaigns!D4) | D18: =IF(Campaigns!A4="","",Campaigns!E4) | E18: =IF(Campaigns!A4="","",Campaigns!F4)
A19: =IF(Campaigns!A5="","",Campaigns!A5) | B19: =IF(Campaigns!A5="","",Campaigns!C5) | C19: =IF(Campaigns!A5="","",Campaigns!D5) | D19: =IF(Campaigns!A5="","",Campaigns!E5) | E19: =IF(Campaigns!A5="","",Campaigns!F5)
A20: =IF(Campaigns!A6="","",Campaigns!A6) | B20: =IF(Campaigns!A6="","",Campaigns!C6) | C20: =IF(Campaigns!A6="","",Campaigns!D6) | D20: =IF(Campaigns!A6="","",Campaigns!E6) | E20: =IF(Campaigns!A6="","",Campaigns!F6)
A21: =IF(Campaigns!A7="","",Campaigns!A7) | B21: =IF(Campaigns!A7="","",Campaigns!C7) | C21: =IF(Campaigns!A7="","",Campaigns!D7) | D21: =IF(Campaigns!A7="","",Campaigns!E7) | E21: =IF(Campaigns!A7="","",Campaigns!F7)
A22: =IF(Campaigns!A8="","",Campaigns!A8) | B22: =IF(Campaigns!A8="","",Campaigns!C8) | C22: =IF(Campaigns!A8="","",Campaigns!D8) | D22: =IF(Campaigns!A8="","",Campaigns!E8) | E22: =IF(Campaigns!A8="","",Campaigns!F8)
A23: =IF(Campaigns!A9="","",Campaigns!A9) | B23: =IF(Campaigns!A9="","",Campaigns!C9) | C23: =IF(Campaigns!A9="","",Campaigns!D9) | D23: =IF(Campaigns!A9="","",Campaigns!E9) | E23: =IF(Campaigns!A9="","",Campaigns!F9)
A25: Döviz Kurları (Donations sayfası USD/EUR çevirisi için)
A26: 1 USD = | B26: 41.5
A27: 1 EUR = | B27: 48.6

Sheet Campaigns
A1: Kampanya (TR) | B1: Campaign (EN) | C1: Hedef (₺) | D1: Toplanan (₺)* | E1: İlerleme % | F1: Kalan (₺) | G1: Açıklama
A2: Yetim Sponsorluğu | B2: Orphan Sponsorship | C2: 3000000 | D2: =1245600+SUMIFS(Donations!G:G,Donations!C:C,A2) | E2: =IF(C2=0,0,D2/C2) | F2: =C2-D2 | G2: Ayda 900 ₺ ile bir yetime sponsor olun — 21 ülkede 26.490 yetim
A3: Filistin Acil Yardım / Gazze Sıcak Yemek | B3: Palestine Emergency Aid / Gaza Hot Meals | C3: 5000000 | D3: =2873400+SUMIFS(Donations!G:G,Donations!C:C,A3) | E3: =IF(C3=0,0,D3/C3) | F3: =C3-D3 | G3: Gazze'ye acil insani yardım ve sıcak yemek
A4: İyilik Çantası – Kırtasiye | B4: School Bag – Stationery | C4: 1500000 | D4: =486000+SUMIFS(Donations!G:G,Donations!C:C,A4) | E4: =IF(C4=0,0,D4/C4) | F4: =C4-D4 | G4: 2026 hedefi 20.000 çocuk — 1.500 ₺/set
A5: Adak – Akika – Şükür Kurbanı | B5: Vow – Aqiqah – Thanksgiving Qurbani | C5: 2000000 | D5: =912500+SUMIFS(Donations!G:G,Donations!C:C,A5) | E5: =IF(C5=0,0,D5/C5) | F5: =C5-D5 | G5: Kurban etleri yetim çocuklara ulaştırılıyor
A6: Zekât & Sadaka Fonu | B6: Zakat & Sadaqah Fund | C6: 2500000 | D6: =1330750+SUMIFS(Donations!G:G,Donations!C:C,A6) | E6: =IF(C6=0,0,D6/C6) | F6: =C6-D6 | G6: Zekâtınızla iyilik köprüsüne bir tuğla koyun
A7: Yetimhane & Yerleşkeler | B7: Orphanages & Settlements | C7: 4000000 | D7: =1140200+SUMIFS(Donations!G:G,Donations!C:C,A7) | E7: =IF(C7=0,0,D7/C7) | F7: =C7-D7 | G7: Ailesinden ayrı düşen çocuklara sıcak bir yuva
A8: Gıda Paketi | B8: Food Parcel | C8: 1200000 | D8: =402300+SUMIFS(Donations!G:G,Donations!C:C,A8) | E8: =IF(C8=0,0,D8/C8) | F8: =C8-D8 | G8: Yetimlerin ve ihtiyaç sahiplerinin sofrasına bereket
A9: Eğitim & Burs Desteği | B9: Education & Scholarship | C9: 1800000 | D9: =655800+SUMIFS(Donations!G:G,Donations!C:C,A9) | E9: =IF(C9=0,0,D9/C9) | F9: =C9-D9 | G9: Yetimlerin eğitim yolculuğuna destek
A11: * Toplanan = başlangıç tutarı + Donations sayfasındaki kayıtların ₺ karşılığı toplamı (otomatik formül).

Sheet Donations
A1: Tarih | B1: Bağışçı | C1: Kampanya | D1: Tür | E1: Tutar | F1: Para Birimi | G1: ₺ Karşılığı | H1: Not
A2: 46277 | B2: Ömer Nadi Yılmaz | C2: Eğitim & Burs Desteği | D2: Tek Seferlik | E2: 100000 | F2: TRY | G2: =IF(F2="USD",E2*Dashboard!B$26,IF(F2="EUR",E2*Dashboard!B$27,E2)) | H2: LGS birincilik ödülü bağışı
A3: 46267 | B3: Elif Şahin (9) | C3: Yetim Sponsorluğu | D3: Aylık | E3: 32400 | F3: TRY | G3: =IF(F3="USD",E3*Dashboard!B$26,IF(F3="EUR",E3*Dashboard!B$27,E3)) | H3: Harçlıklarıyla 3 yetime 1 yıllık sponsorluk
A4: 46285 | B4: Ahmet Yılmaz | C4: Yetim Sponsorluğu | D4: Aylık | E4: 900 | F4: TRY | G4: =IF(F4="USD",E4*Dashboard!B$26,IF(F4="EUR",E4*Dashboard!B$27,E4)) | H4: Aylık sponsorluk
A5: 46283 | B5: Fatma Demir | C5: İyilik Çantası – Kırtasiye | D5: Tek Seferlik | E5: 1500 | F5: TRY | G5: =IF(F5="USD",E5*Dashboard!B$26,IF(F5="EUR",E5*Dashboard!B$27,E5)) | H5: 1 kırtasiye seti
A6: 46280 | B6: Mehmet Kaya | C6: Filistin Acil Yardım / Gazze Sıcak Yemek | D6: Sadaka | E6: 5000 | F6: TRY | G6: =IF(F6="USD",E6*Dashboard!B$26,IF(F6="EUR",E6*Dashboard!B$27,E6)) | H6: Gazze sıcak yemek
A7: 46275 | B7: Ayşe Çelik | C7: Filistin Acil Yardım / Gazze Sıcak Yemek | D7: Sadaka | E7: 250 | F7: USD | G7: =IF(F7="USD",E7*Dashboard!B$26,IF(F7="EUR",E7*Dashboard!B$27,E7)) | H7: Emergency aid
A8: 46273 | B8: Anonymous | C8: Yetim Sponsorluğu | D8: Aylık | E8: 1800 | F8: TRY | G8: =IF(F8="USD",E8*Dashboard!B$26,IF(F8="EUR",E8*Dashboard!B$27,E8)) | H8: 2 orphans
A9: 46262 | B9: Hatice Öztürk | C9: Adak – Akika – Şükür Kurbanı | D9: Tek Seferlik | E9: 7500 | F9: TRY | G9: =IF(F9="USD",E9*Dashboard!B$26,IF(F9="EUR",E9*Dashboard!B$27,E9)) | H9: Adak kurbanı
A10: 46254 | B10: Mustafa Arslan | C10: Zekât & Sadaka Fonu | D10: Zekât | E10: 20000 | F10: TRY | G10: =IF(F10="USD",E10*Dashboard!B$26,IF(F10="EUR",E10*Dashboard!B$27,E10)) | H10: Zekât
A11: 46249 | B11: Zeynep Aydın | C11: Yetimhane & Yerleşkeler | D11: Tek Seferlik | E11: 300 | F11: EUR | G11: =IF(F11="USD",E11*Dashboard!B$26,IF(F11="EUR",E11*Dashboard!B$27,E11)) | H11: Orphanage support
A12: 46239 | B12: ABC Tekstil Ltd. | C12: Yetimhane & Yerleşkeler | D12: Kurumsal | E12: 150000 | F12: TRY | G12: =IF(F12="USD",E12*Dashboard!B$26,IF(F12="EUR",E12*Dashboard!B$27,E12)) | H12: Kurumsal bağış
A13: 46237 | B13: Emre Yıldız | C13: Yetim Sponsorluğu | D13: Aylık | E13: 900 | F13: TRY | G13: =IF(F13="USD",E13*Dashboard!B$26,IF(F13="EUR",E13*Dashboard!B$27,E13))
A14: 46228 | B14: Hüseyin Çetin | C14: Gıda Paketi | D14: Sadaka | E14: 2500 | F14: TRY | G14: =IF(F14="USD",E14*Dashboard!B$26,IF(F14="EUR",E14*Dashboard!B$27,E14)) | H14: 5 gıda paketi
A15: 46221 | B15: Meryem Koç | C15: Yetim Sponsorluğu | D15: Aylık | E15: 10800 | F15: TRY | G15: =IF(F15="USD",E15*Dashboard!B$26,IF(F15="EUR",E15*Dashboard!B$27,E15)) | H15: 1 yetime 1 yıllık sponsorluk
A16: 46213 | B16: İbrahim Kurt | C16: Filistin Acil Yardım / Gazze Sıcak Yemek | D16: Zekât | E16: 10000 | F16: TRY | G16: =IF(F16="USD",E16*Dashboard!B$26,IF(F16="EUR",E16*Dashboard!B$27,E16)) | H16: Fitre + zekât
A17: 46205 | B17: Selin Polat | C17: İyilik Çantası – Kırtasiye | D17: Tek Seferlik | E17: 1500 | F17: TRY | G17: =IF(F17="USD",E17*Dashboard!B$26,IF(F17="EUR",E17*Dashboard!B$27,E17))
A18: 46193 | B18: Osman Yalçın | C18: Eğitim & Burs Desteği | D18: Tek Seferlik | E18: 500 | F18: USD | G18: =IF(F18="USD",E18*Dashboard!B$26,IF(F18="EUR",E18*Dashboard!B$27,E18)) | H18: Scholarship fund
A19: 46185 | B19: Rabia Tunç | C19: Gıda Paketi | D19: Fidye | E19: 3000 | F19: TRY | G19: =IF(F19="USD",E19*Dashboard!B$26,IF(F19="EUR",E19*Dashboard!B$27,E19)) | H19: Fidye
A20: 46178 | B20: Yusuf Eren | C20: Yetim Sponsorluğu | D20: Aylık | E20: 900 | F20: TRY | G20: =IF(F20="USD",E20*Dashboard!B$26,IF(F20="EUR",E20*Dashboard!B$27,E20))
A21: 46170 | B21: Khadija A. | C21: Filistin Acil Yardım / Gazze Sıcak Yemek | D21: Sadaka | E21: 1000 | F21: USD | G21: =IF(F21="USD",E21*Dashboard!B$26,IF(F21="EUR",E21*Dashboard!B$27,E21)) | H21: For Gaza orphans
A22: 46157 | B22: Anadolu Lojistik A.Ş. | C22: Filistin Acil Yardım / Gazze Sıcak Yemek | D22: Kurumsal | E22: 85000 | F22: TRY | G22: =IF(F22="USD",E22*Dashboard!B$26,IF(F22="EUR",E22*Dashboard!B$27,E22)) | H22: Un ve sıcak yemek
A23: 46150 | B23: Derya Aksoy | C23: İyilik Çantası – Kırtasiye | D23: Tek Seferlik | E23: 4500 | F23: TRY | G23: =IF(F23="USD",E23*Dashboard!B$26,IF(F23="EUR",E23*Dashboard!B$27,E23)) | H23: 3 kırtasiye seti
A24: 46134 | B24: Burak Güneş | C24: Adak – Akika – Şükür Kurbanı | D24: Tek Seferlik | E24: 15000 | F24: TRY | G24: =IF(F24="USD",E24*Dashboard!B$26,IF(F24="EUR",E24*Dashboard!B$27,E24)) | H24: Akika kurbanı
A25: 46122 | B25: Seda Kılıç | C25: Yetim Sponsorluğu | D25: Aylık | E25: 900 | F25: TRY | G25: =IF(F25="USD",E25*Dashboard!B$26,IF(F25="EUR",E25*Dashboard!B$27,E25))

Sheet Monthly Report
A1: Ay | B1: Bağış Tutarı (₺) | C1: Bağış Adedi | D1: Yeni Bağışçı (yaklaşık) | E1: Yetim Sponsorluğu | F1: Filistin Acil Yardım / Gazze Sıcak Yemek | G1: İyilik Çantası – Kırtasiye | H1: Adak – Akika – Şükür Kurbanı
A2: Nis 2026 | B2: =SUMIFS(Donations!G:G,Donations!A:A,">="&DATE(2026,4,1),Donations!A:A,"<"&DATE(2026,5,1)) | C2: =COUNTIFS(Donations!A:A,">="&DATE(2026,4,1),Donations!A:A,"<"&DATE(2026,5,1)) | D2: =SUMPRODUCT((TEXT(Donations!A$2:A$5000,"YYYY-MM")="2026-04")/COUNTIF(Donations!B$2:B$5000,Donations!B$2:B$5000&"")) | E2: =SUMIFS(Donations!G:G,Donations!C:C,"Yetim Sponsorluğu",Donations!A:A,">="&DATE(2026,4,1),Donations!A:A,"<"&DATE(2026,5,1)) | F2: =SUMIFS(Donations!G:G,Donations!C:C,"Filistin Acil Yardım / Gazze Sıcak Yemek",Donations!A:A,">="&DATE(2026,4,1),Donations!A:A,"<"&DATE(2026,5,1)) | G2: =SUMIFS(Donations!G:G,Donations!C:C,"İyilik Çantası – Kırtasiye",Donations!A:A,">="&DATE(2026,4,1),Donations!A:A,"<"&DATE(2026,5,1)) | H2: =SUMIFS(Donations!G:G,Donations!C:C,"Adak – Akika – Şükür Kurbanı",Donations!A:A,">="&DATE(2026,4,1),Donations!A:A,"<"&DATE(2026,5,1))
A3: May 2026 | B3: =SUMIFS(Donations!G:G,Donations!A:A,">="&DATE(2026,5,1),Donations!A:A,"<"&DATE(2026,6,1)) | C3: =COUNTIFS(Donations!A:A,">="&DATE(2026,5,1),Donations!A:A,"<"&DATE(2026,6,1)) | D3: =SUMPRODUCT((TEXT(Donations!A$2:A$5000,"YYYY-MM")="2026-05")/COUNTIF(Donations!B$2:B$5000,Donations!B$2:B$5000&"")) | E3: =SUMIFS(Donations!G:G,Donations!C:C,"Yetim Sponsorluğu",Donations!A:A,">="&DATE(2026,5,1),Donations!A:A,"<"&DATE(2026,6,1)) | F3: =SUMIFS(Donations!G:G,Donations!C:C,"Filistin Acil Yardım / Gazze Sıcak Yemek",Donations!A:A,">="&DATE(2026,5,1),Donations!A:A,"<"&DATE(2026,6,1)) | G3: =SUMIFS(Donations!G:G,Donations!C:C,"İyilik Çantası – Kırtasiye",Donations!A:A,">="&DATE(2026,5,1),Donations!A:A,"<"&DATE(2026,6,1)) | H3: =SUMIFS(Donations!G:G,Donations!C:C,"Adak – Akika – Şükür Kurbanı",Donations!A:A,">="&DATE(2026,5,1),Donations!A:A,"<"&DATE(2026,6,1))
A4: Haz 2026 | B4: =SUMIFS(Donations!G:G,Donations!A:A,">="&DATE(2026,6,1),Donations!A:A,"<"&DATE(2026,7,1)) | C4: =COUNTIFS(Donations!A:A,">="&DATE(2026,6,1),Donations!A:A,"<"&DATE(2026,7,1)) | D4: =SUMPRODUCT((TEXT(Donations!A$2:A$5000,"YYYY-MM")="2026-06")/COUNTIF(Donations!B$2:B$5000,Donations!B$2:B$5000&"")) | E4: =SUMIFS(Donations!G:G,Donations!C:C,"Yetim Sponsorluğu",Donations!A:A,">="&DATE(2026,6,1),Donations!A:A,"<"&DATE(2026,7,1)) | F4: =SUMIFS(Donations!G:G,Donations!C:C,"Filistin Acil Yardım / Gazze Sıcak Yemek",Donations!A:A,">="&DATE(2026,6,1),Donations!A:A,"<"&DATE(2026,7,1)) | G4: =SUMIFS(Donations!G:G,Donations!C:C,"İyilik Çantası – Kırtasiye",Donations!A:A,">="&DATE(2026,6,1),Donations!A:A,"<"&DATE(2026,7,1)) | H4: =SUMIFS(Donations!G:G,Donations!C:C,"Adak – Akika – Şükür Kurbanı",Donations!A:A,">="&DATE(2026,6,1),Donations!A:A,"<"&DATE(2026,7,1))
A5: Tem 2026 | B5: =SUMIFS(Donations!G:G,Donations!A:A,">="&DATE(2026,7,1),Donations!A:A,"<"&DATE(2026,8,1)) | C5: =COUNTIFS(Donations!A:A,">="&DATE(2026,7,1),Donations!A:A,"<"&DATE(2026,8,1)) | D5: =SUMPRODUCT((TEXT(Donations!A$2:A$5000,"YYYY-MM")="2026-07")/COUNTIF(Donations!B$2:B$5000,Donations!B$2:B$5000&"")) | E5: =SUMIFS(Donations!G:G,Donations!C:C,"Yetim Sponsorluğu",Donations!A:A,">="&DATE(2026,7,1),Donations!A:A,"<"&DATE(2026,8,1)) | F5: =SUMIFS(Donations!G:G,Donations!C:C,"Filistin Acil Yardım / Gazze Sıcak Yemek",Donations!A:A,">="&DATE(2026,7,1),Donations!A:A,"<"&DATE(2026,8,1)) | G5: =SUMIFS(Donations!G:G,Donations!C:C,"İyilik Çantası – Kırtasiye",Donations!A:A,">="&DATE(2026,7,1),Donations!A:A,"<"&DATE(2026,8,1)) | H5: =SUMIFS(Donations!G:G,Donations!C:C,"Adak – Akika – Şükür Kurbanı",Donations!A:A,">="&DATE(2026,7,1),Donations!A:A,"<"&DATE(2026,8,1))
A6: Ağu 2026 | B6: =SUMIFS(Donations!G:G,Donations!A:A,">="&DATE(2026,8,1),Donations!A:A,"<"&DATE(2026,9,1)) | C6: =COUNTIFS(Donations!A:A,">="&DATE(2026,8,1),Donations!A:A,"<"&DATE(2026,9,1)) | D6: =SUMPRODUCT((TEXT(Donations!A$2:A$5000,"YYYY-MM")="2026-08")/COUNTIF(Donations!B$2:B$5000,Donations!B$2:B$5000&"")) | E6: =SUMIFS(Donations!G:G,Donations!C:C,"Yetim Sponsorluğu",Donations!A:A,">="&DATE(2026,8,1),Donations!A:A,"<"&DATE(2026,9,1)) | F6: =SUMIFS(Donations!G:G,Donations!C:C,"Filistin Acil Yardım / Gazze Sıcak Yemek",Donations!A:A,">="&DATE(2026,8,1),Donations!A:A,"<"&DATE(2026,9,1)) | G6: =SUMIFS(Donations!G:G,Donations!C:C,"İyilik Çantası – Kırtasiye",Donations!A:A,">="&DATE(2026,8,1),Donations!A:A,"<"&DATE(2026,9,1)) | H6: =SUMIFS(Donations!G:G,Donations!C:C,"Adak – Akika – Şükür Kurbanı",Donations!A:A,">="&DATE(2026,8,1),Donations!A:A,"<"&DATE(2026,9,1))
A7: Eyl 2026 | B7: =SUMIFS(Donations!G:G,Donations!A:A,">="&DATE(2026,9,1),Donations!A:A,"<"&DATE(2026,10,1)) | C7: =COUNTIFS(Donations!A:A,">="&DATE(2026,9,1),Donations!A:A,"<"&DATE(2026,10,1)) | D7: =SUMPRODUCT((TEXT(Donations!A$2:A$5000,"YYYY-MM")="2026-09")/COUNTIF(Donations!B$2:B$5000,Donations!B$2:B$5000&"")) | E7: =SUMIFS(Donations!G:G,Donations!C:C,"Yetim Sponsorluğu",Donations!A:A,">="&DATE(2026,9,1),Donations!A:A,"<"&DATE(2026,10,1)) | F7: =SUMIFS(Donations!G:G,Donations!C:C,"Filistin Acil Yardım / Gazze Sıcak Yemek",Donations!A:A,">="&DATE(2026,9,1),Donations!A:A,"<"&DATE(2026,10,1)) | G7: =SUMIFS(Donations!G:G,Donations!C:C,"İyilik Çantası – Kırtasiye",Donations!A:A,">="&DATE(2026,9,1),Donations!A:A,"<"&DATE(2026,10,1)) | H7: =SUMIFS(Donations!G:G,Donations!C:C,"Adak – Akika – Şükür Kurbanı",Donations!A:A,">="&DATE(2026,9,1),Donations!A:A,"<"&DATE(2026,10,1))
A8: TOPLAM | B8: =SUM(B2:B7) | C8: =SUM(C2:C7)
A10: Not: E–H sütunları ilk 4 kampanyanın aylık kırılımıdır; diğer kampanyalar için formülü kopyalayarak kampanya adını değiştirin.
